<?xml version="1.0" encoding="UTF-8" standalone="yes"?>
<addon id="plugin.video.RobinHood-PPL-List" name="RobinHood-People List" version="1.0.1" provider-name="Husham.com">
  <requires>
    <import addon="xbmc.python" version="2.1.0"/>
  </requires>
  <extension point="xbmc.python.pluginsource" library="default.py">
        <provides>video</provides>
  </extension>
  <extension point="xbmc.addon.metadata">
    <summary lang="en">RobinHood- People-Lists - downloaded for free from:
http://husham.com</summary>
    <description lang="en">RobinHood-PPL-List - downloaded for free from:
http://www.husham.com
Dont be lazy Add Create and add your list to the group to be shared with everyone</description>
    <platform>all</platform>
  </extension>
</addon>
